Informations clés;;;MD rég. Nuits(21) 06/09;;;;;LD Rég. Curley(21) 13/09;;;;;CO-VTT CDL Sprint Curley(21) 13/09;;;;;CDL(IF) Sprint Elancourt(78) 13/09;;;;;CDL Sprint Besançon(25) 20/09;;;;;MD Besançon(25) 20/09;;;;;CO-VTT CDL MD Daix(21) 26/09;;;;;MD Rég. E1 Gissey(21) 27/09;;;;;CO-VTT CDL Mass Start E2 Grenant(21) 27/09;;;;
Nom;S.I.;Cat.;1.Circ.;1.Hor.;1.Rés.;1.Pl.;1.écart;2.Circ.;2.Hor.;2.Rés.;2.Pl.;2.écart;3.Circ.;3.Hor.;3.Rés.;3.Pl.;3.écart;4.Circ.;4.Hor.;4.Rés.;4.Pl.;4.écart;5.Circ.;5.Hor.;5.Rés.;5.Pl.;5.écart;6.Circ.;6.Hor.;6.Rés.;6.Pl.;6.écart;7.Circ.;7.Hor.;7.Rés.;7.Pl.;7.écart;8.Circ.;8.Hor.;8.Rés.;8.Pl.;8.écart;9.Circ.;9.Hor.;9.Rés.;9.Pl.;9.écart
BARBIER  Patrick;8050858;H65;Violet Moyen;;1:06:51;9/20;+27:45;;;;;;;;;;;;;;;;;;;;;;;;;;;;;;;Violet Court;;00:48'36;15/27;+20:18;D;;1:06:03;8/13;+19:45
BERNARD  Gaëtan;8581786;H21;Noir;;0:47:40;12/21;+19:44;;;;;;;;;;;;;;;;;;;;;;;;;;A;;01:17:57;7/8;+27:25;Noir;;00:58:30;3/10;+5:52;A;;1:54:42;7/9;+51:13
BOURGOIN  Sylvain;8500434;H45;;;;;;;;;;;;;;;;;;;;;;;;;;;;;;;;;;;;;;;;;;;;;
BOUTRON  Camille;8171016;D20;;;;;;;;;;;;;;;;;;;;;B;;21:03;3/9;+3:51;Violet Long;;;;;;;;;;;;;;;;;;;
BOUVIER  Gabin;8534679;H14;;;;;;;;;;;;;;;;;;;;;;;;;;;;;;;;;;;;;;;;;;;;;
BOUVIER  Grégory;8534692;H40;;;;;;;;;;;;;;;;;;;;;;;;;;;;;;;;;;;;;;;;;;;;;
BOUVIER  Léonie;2158061;D10;;;;;;;;;;;;;;;;;;;;;;;;;;;;;;;;;;;;;;;;;;;;;
BRUNEL  Marie-Jo;8545607;D70;Violet Court;;1:30:48;19/21;+49:46;;;;;;;;;;;;;;;;;;;;;;;;;;;;;;;;;;;;;;;;
CHAPILLON  élouan;205574;H10;;;;;;;;;;;;;;;;;;;;;;;;;;;;;;;;;;;;Vert;;00:19:15;6/10;+6:55;I;;00:19:57;4/6;+4:30
CHAPILLON  Maëlle;8310889;D35;;;;;;;;;;;;;;;;;;;;;;;;;;;;;;;;;;;;Violet Moyen;;00:54:09;13/23;+18:37;;;;;
CHAPILLON  Maxence;2027602;H35;;;;;;;;;;;;;;;;;;;;;;;;;;;;;;;;;;;;Violet Long;;01:38:29;17/18;+58:36;Open B;;Abandon;;
COLLIN  Pierre;8890305;H55;;;;;;;;;;;;;;;;;;;;;;;;;;;;;;;;;;;;;;;;;;;;;
COUESNON  Lesley-Ann;2027613;D35;;;;;;;;;;;;;;;;;;;;;;;;;;;;;;;;;;;;;;;;;;;;;
COUESNON  Pascal;1890311;H65;Violet Court;;1:45:46;21/21;+1:04:44;;;;;;;;;;;;;;;;;;;;;;;;;;;;;;;;;;;;;;;;
COUESNON  Rémi;2027608;H35;;;;;;;;;;;;;;;;;;;;;;;;;;;;;;;;;;;;;;;;;;;;;
DENIEL  Marc;8527790;H50;;;;;;Violet Long;;02:00:06;14/15;+45:19;C;;35:57;3/4;+9:44;;;;;;;;;;;;;;;;;;;;;Violet Moyen;;01:00:50;16/23;+25:18;C;;01:20:22;5/6;+26:50
DENIEL  Morgan;8542857;H14;;;;;;Jaune;;00:47:06;4/10;+23:01;F;;18:11;2/4;+1:30;;;;;;;;;;;;;;;;;;;;;Jaune;;00:27:41;4/7;+5:11;F;;00:23:10;2/2;+1:47
GUERIN  Franck;8008903;H65;;;;;;;;;;;;;;;;E;;00:16:56;6/28;+5:01;;;;;;;;;;;;;;;;;;;;;;;;;
LOUAT  Aimé;8890303;H75;Violet Court;;01:20:32;15/21;+39:30;;;;;;;;;;;;;;;;;;;;;;;;;;;;;;;;;;;;;;;;
MAGNY  Eric;1890308;H65;Violet Moyen;;01:10:55;16/21;+31:49;;;;;;;;;;;;;;;;;;;;;;;;;;;;;;;;;;;;;;;;
MICHAUT  Elodie;2158056;D40;;;;;;;;;;;;;;;;;;;;;;;;;;;;;;;;;;;;;;;;;;;;;
MOINE  Emeline;8890301;D21;Violet Long;;01:05:09;16/21;+26:20;;;;;;;;;;;;;;;;;;;;;;;;;;;;;;;;;;;;;;;;
MOINE  Francis;8280173;H50;Violet Long;;00:47:21;3/21;+8:32;Violet Long;;01:22:57;5/15;+8:10;C;;29:26;2/4;+3:13;;;;;;;;;;;;;;;;C;;00:44:11;2/5;+5:41;Violet Moyen;;00:36:04;3/23;+1:02;C;;PM;;
MOINE  Oscar;8212535;H20;;;;;;;;;;;;;;;;;;;;;;;;;;;;;;;A;;01:38:14;2/2;+36:30;Noir;;PM;;;Abis;;PM;;
PIERRE  Eric;8005961;H65;Violet Long;;01:03:44;15/21;+24:55;Violet Long;;01:43:52;13/15;+29:05;D;;30:00;3/4;+6:10;;;;;;E;;22:32;9/10;+6:41;Violet Long;;1:42:02;35/42;53:16;D;;00:54:19;6/12;+17:42;Violet Court;;00:34:40;7/27;+6:22;D;;PM;;
RENIE  Cedrick;8533480;H40;;;;;;;;;;;;;;;;;;;;;;;;;;;;;;;;;;;;;;;;;;;;;
RENIE-DUMAND  Sacha;349306;H20;;;;;;;;;;;;;;;;;;;;;;;;;;;;;;;;;;;;;;;;;;;;;
STEWARD  Madeleine;1890304;D50;Violet Moyen;;00:56:15;6/20;+17:09;;;;;;;;;;;;;;;;;;;;;;;;;;;;;;;;;;;;;;;;
THOMASSIN  Fabrice;8509002;H55;;;;;;;;;;;;;;;;;;;;;;;;;;;;;;;;;;;;;;;;;;;;;
VANNOYE  Laëtitia;2158060;D50;;;;;;;;;;;;;;;;;;;;;;;;;;;;;;;;;;;;;;;;;;;;;
*;;;;;;;;;;;;;;;;;;;;;;;;;;;;;;;;;;;;;;;;;;;;;;;
ZHEN Danni;8890302;D40;;;;;;;;;;;;;;;;;;;;;;;;;;;;;;;;;;;;;;;;;;;;;
;;;;;;;;;;;;;;;;;;;;;;;;;;;;;;;;;;;;;;;;;;;;;;;
;;;;;;;;;;;;;;;;;;;;;;;;;;;;;;;;;;;;;;;;;;;;;;;
;;;;;;;;;;;;;;;;;;;;;;;;;;;;;;;;;;;;;;;;;;;;;;;
;;;;;;;;;;;;;;;;;;;;;;;;;;;;;;;;;;;;;;;;;;;;;;;
;;;;;;;;;;;;;;;;;;;;;;;;;;;;;;;;;;;;;;;;;;;;;;;
;;;;;;;;;;;;;;;;;;;;;;;;;;;;;;;;;;;;;;;;;;;;;;;
;;;;;;;;;;;;;;;;;;;;;;;;;;;;;;;;;;;;;;;;;;;;;;;
;;;;;;;;;;;;;;;;;;;;;;;;;;;;;;;;;;;;;;;;;;;;;;;
;;;;;;;;;;;;;;;;;;;;;;;;;;;;;;;;;;;;;;;;;;;;;;;
;;;;;;;;;;;;;;;;;;;;;;;;;;;;;;;;;;;;;;;;;;;;;;;
;;;;;;;;;;;;;;;;;;;;;;;;;;;;;;;;;;;;;;;;;;;;;;;
;;;;;;;;;;;;;;;;;;;;;;;;;;;;;;;;;;;;;;;;;;;;;;;
;;;;;;;;;;;;;;;;;;;;;;;;;;;;;;;;;;;;;;;;;;;;;;;
;;;;;;;;;;;;;;;;;;;;;;;;;;;;;;;;;;;;;;;;;;;;;;;
;;;;;;;;;;;;;;;;;;;;;;;;;;;;;;;;;;;;;;;;;;;;;;;
;;;;;;;;;;;;;;;;;;;;;;;;;;;;;;;;;;;;;;;;;;;;;;;
;;;;;;;;;;;;;;;;;;;;;;;;;;;;;;;;;;;;;;;;;;;;;;;
;;;;;;;;;;;;;;;;;;;;;;;;;;;;;;;;;;;;;;;;;;;;;;;
;;;;;;;;;;;;;;;;;;;;;;;;;;;;;;;;;;;;;;;;;;;;;;;
;;;;;;;;;;;;;;;;;;;;;;;;;;;;;;;;;;;;;;;;;;;;;;;
;;;;;;;;;;;;;;;;;;;;;;;;;;;;;;;;;;;;;;;;;;;;;;;
;;;;;;;;;;;;;;;;;;;;;;;;;;;;;;;;;;;;;;;;;;;;;;;
;;;;;;;;;;;;;;;;;;;;;;;;;;;;;;;;;;;;;;;;;;;;;;;
;;;;;;;;;;;;;;;;;;;;;;;;;;;;;;;;;;;;;;;;;;;;;;;
;;;;;;;;;;;;;;;;;;;;;;;;;;;;;;;;;;;;;;;;;;;;;;;
;;;;;;;;;;;;;;;;;;;;;;;;;;;;;;;;;;;;;;;;;;;;;;;
;;;;;;;;;;;;;;;;;;;;;;;;;;;;;;;;;;;;;;;;;;;;;;;
;;;;;;;;;;;;;;;;;;;;;;;;;;;;;;;;;;;;;;;;;;;;;;;
;;;;;;;;;;;;;;;;;;;;;;;;;;;;;;;;;;;;;;;;;;;;;;;
;;;;;;;;;;;;;;;;;;;;;;;;;;;;;;;;;;;;;;;;;;;;;;;
;;;;;;;;;;;;;;;;;;;;;;;;;;;;;;;;;;;;;;;;;;;;;;;
;;;;;;;;;;;;;;;;;;;;;;;;;;;;;;;;;;;;;;;;;;;;;;;
;;;;;;;;;;;;;;;;;;;;;;;;;;;;;;;;;;;;;;;;;;;;;;;
;;;;;;;;;;;;;;;;;;;;;;;;;;;;;;;;;;;;;;;;;;;;;;;
;;;;;;;;;;;;;;;;;;;;;;;;;;;;;;;;;;;;;;;;;;;;;;;
;;;;;;;;;;;;;;;;;;;;;;;;;;;;;;;;;;;;;;;;;;;;;;;
;;;;;;;;;;;;;;;;;;;;;;;;;;;;;;;;;;;;;;;;;;;;;;;
;;;;;;;;;;;;;;;;;;;;;;;;;;;;;;;;;;;;;;;;;;;;;;;
;;;;;;;;;;;;;;;;;;;;;;;;;;;;;;;;;;;;;;;;;;;;;;;
;;;;;;;;;;;;;;;;;;;;;;;;;;;;;;;;;;;;;;;;;;;;;;;
;;;;;;;;;;;;;;;;;;;;;;;;;;;;;;;;;;;;;;;;;;;;;;;
;;;;;;;;;;;;;;;;;;;;;;;;;;;;;;;;;;;;;;;;;;;;;;;
;;;;;;;;;;;;;;;;;;;;;;;;;;;;;;;;;;;;;;;;;;;;;;;
;;;;;;;;;;;;;;;;;;;;;;;;;;;;;;;;;;;;;;;;;;;;;;;
;;;;;;;;;;;;;;;;;;;;;;;;;;;;;;;;;;;;;;;;;;;;;;;
;;;;;;;;;;;;;;;;;;;;;;;;;;;;;;;;;;;;;;;;;;;;;;;
;;;;;;;;;;;;;;;;;;;;;;;;;;;;;;;;;;;;;;;;;;;;;;;
;;;;;;;;;;;;;;;;;;;;;;;;;;;;;;;;;;;;;;;;;;;;;;;
;;;;;;;;;;;;;;;;;;;;;;;;;;;;;;;;;;;;;;;;;;;;;;;
;;;;;;;;;;;;;;;;;;;;;;;;;;;;;;;;;;;;;;;;;;;;;;;
;;;;;;;;;;;;;;;;;;;;;;;;;;;;;;;;;;;;;;;;;;;;;;;
;;;;;;;;;;;;;;;;;;;;;;;;;;;;;;;;;;;;;;;;;;;;;;;
;;;;;;;;;;;;;;;;;;;;;;;;;;;;;;;;;;;;;;;;;;;;;;;
;;;;;;;;;;;;;;;;;;;;;;;;;;;;;;;;;;;;;;;;;;;;;;;
;;;;;;;;;;;;;;;;;;;;;;;;;;;;;;;;;;;;;;;;;;;;;;;
;;;;;;;;;;;;;;;;;;;;;;;;;;;;;;;;;;;;;;;;;;;;;;;
;;;;;;;;;;;;;;;;;;;;;;;;;;;;;;;;;;;;;;;;;;;;;;;
;;;;;;;;;;;;;;;;;;;;;;;;;;;;;;;;;;;;;;;;;;;;;;;
;;;;;;;;;;;;;;;;;;;;;;;;;;;;;;;;;;;;;;;;;;;;;;;
;;;;;;;;;;;;;;;;;;;;;;;;;;;;;;;;;;;;;;;;;;;;;;;
;;;;;;;;;;;;;;;;;;;;;;;;;;;;;;;;;;;;;;;;;;;;;;;
;;;;;;;;;;;;;;;;;;;;;;;;;;;;;;;;;;;;;;;;;;;;;;;
;;;;;;;;;;;;;;;;;;;;;;;;;;;;;;;;;;;;;;;;;;;;;;;
;;;;;;;;;;;;;;;;;;;;;;;;;;;;;;;;;;;;;;;;;;;;;;;
;;;;;;;;;;;;;;;;;;;;;;;;;;;;;;;;;;;;;;;;;;;;;;;
;;;;;;;;;;;;;;;;;;;;;;;;;;;;;;;;;;;;;;;;;;;;;;;
;;;;;;;;;;;;;;;;;;;;;;;;;;;;;;;;;;;;;;;;;;;;;;;
;;;;;;;;;;;;;;;;;;;;;;;;;;;;;;;;;;;;;;;;;;;;;;;
;;;;;;;;;;;;;;;;;;;;;;;;;;;;;;;;;;;;;;;;;;;;;;;
;;;;;;;;;;;;;;;;;;;;;;;;;;;;;;;;;;;;;;;;;;;;;;;
;;;;;;;;;;;;;;;;;;;;;;;;;;;;;;;;;;;;;;;;;;;;;;;
;;;;;;;;;;;;;;;;;;;;;;;;;;;;;;;;;;;;;;;;;;;;;;;
;;;;;;;;;;;;;;;;;;;;;;;;;;;;;;;;;;;;;;;;;;;;;;;
;;;;;;;;;;;;;;;;;;;;;;;;;;;;;;;;;;;;;;;;;;;;;;;
;;;;;;;;;;;;;;;;;;;;;;;;;;;;;;;;;;;;;;;;;;;;;;;
;;;;;;;;;;;;;;;;;;;;;;;;;;;;;;;;;;;;;;;;;;;;;;;
;;;;;;;;;;;;;;;;;;;;;;;;;;;;;;;;;;;;;;;;;;;;;;;
